model_id,brand,name,storage
1,Apple,iPhone 16 128GB,128GB
2,Apple,iPhone 16 256GB,256GB
3,Apple,iPhone 16 512GB,512GB
4,Apple,iPhone 16 Plus 128GB,128GB
5,Apple,iPhone 16 Plus 256GB,256GB
6,Apple,iPhone 16 Plus 512GB,512GB
7,Apple,iPhone 16 Pro 128GB,128GB
8,Apple,iPhone 16 Pro 256GB,256GB
9,Apple,iPhone 16 Pro 512GB,512GB
10,Apple,iPhone 16 Pro Max 128GB,128GB
11,Apple,iPhone 16 Pro Max 256GB,256GB
12,Apple,iPhone 16 Pro Max 512GB,512GB
13,Apple,iPhone 15 128GB,128GB
14,Apple,iPhone 15 256GB,256GB
15,Apple,iPhone 15 512GB,512GB
16,Apple,iPhone 15 Plus 128GB,128GB
17,Apple,iPhone 15 Plus 256GB,256GB
18,Apple,iPhone 15 Plus 512GB,512GB
19,Apple,iPhone 15 Pro 128GB,128GB
20,Apple,iPhone 15 Pro 256GB,256GB
21,Apple,iPhone 15 Pro 512GB,512GB
22,Apple,iPhone 15 Pro Max 128GB,128GB
23,Apple,iPhone 15 Pro Max 256GB,256GB
24,Apple,iPhone 15 Pro Max 512GB,512GB
25,Apple,iPhone 14 128GB,128GB
26,Apple,iPhone 14 256GB,256GB
27,Apple,iPhone 14 512GB,512GB
28,Apple,iPhone 14 Plus 128GB,128GB
29,Apple,iPhone 14 Plus 256GB,256GB
30,Apple,iPhone 14 Plus 512GB,512GB
31,Apple,iPhone 14 Pro 128GB,128GB
32,Apple,iPhone 14 Pro 256GB,256GB
33,Apple,iPhone 14 Pro 512GB,512GB
34,Apple,iPhone 14 Pro Max 128GB,128GB
35,Apple,iPhone 14 Pro Max 256GB,256GB
36,Apple,iPhone 14 Pro Max 512GB,512GB
37,Apple,iPhone 13 mini 128GB,128GB
38,Apple,iPhone 13 mini 256GB,256GB
39,Apple,iPhone 13 mini 512GB,512GB
40,Apple,iPhone 13 128GB,128GB
41,Apple,iPhone 13 256GB,256GB
42,Apple,iPhone 13 512GB,512GB
43,Apple,iPhone 13 Pro 128GB,128GB
44,Apple,iPhone 13 Pro 256GB,256GB
45,Apple,iPhone 13 Pro 512GB,512GB
46,Apple,iPhone 13 Pro Max 128GB,128GB
47,Apple,iPhone 13 Pro Max 256GB,256GB
48,Apple,iPhone 13 Pro Max 512GB,512GB
49,Apple,iPhone 12 mini 64GB,64GB
50,Apple,iPhone 12 mini 128GB,128GB
51,Apple,iPhone 12 mini 256GB,256GB
52,Apple,iPhone 12 64GB,64GB
53,Apple,iPhone 12 128GB,128GB
54,Apple,iPhone 12 256GB,256GB
55,Apple,iPhone 12 Pro 128GB,128GB
56,Apple,iPhone 12 Pro 256GB,256GB
57,Apple,iPhone 12 Pro 512GB,512GB
58,Apple,iPhone 12 Pro Max 128GB,128GB
59,Apple,iPhone 12 Pro Max 256GB,256GB
60,Apple,iPhone 12 Pro Max 512GB,512GB
61,Apple,iPhone 11 64GB,64GB
62,Apple,iPhone 11 128GB,128GB
63,Apple,iPhone 11 256GB,256GB
64,Apple,iPhone 11 Pro 64GB,64GB
65,Apple,iPhone 11 Pro 256GB,256GB
66,Apple,iPhone 11 Pro 512GB,512GB
67,Apple,iPhone 11 Pro Max 64GB,64GB
68,Apple,iPhone 11 Pro Max 256GB,256GB
69,Apple,iPhone 11 Pro Max 512GB,512GB
70,Apple,iPhone X 64GB,64GB
71,Apple,iPhone X 256GB,256GB
72,Apple,iPhone XS 64GB,64GB
73,Apple,iPhone XS 256GB,256GB
74,Apple,iPhone XS 512GB,512GB
75,Apple,iPhone XS Max 64GB,64GB
76,Apple,iPhone XS Max 256GB,256GB
77,Apple,iPhone XS Max 512GB,512GB
78,Apple,iPhone XR 64GB,64GB
79,Apple,iPhone XR 128GB,128GB
80,Apple,iPhone XR 256GB,256GB
81,Apple,iPad Air 10.9-inch 64GB,64GB
82,Apple,iPad Air 10.9-inch 256GB,256GB
83,Apple,iPad 10.2-inch 32GB,32GB
84,Apple,iPad 10.2-inch 128GB,128GB
85,Apple,iPad Mini 7.9-inch 64GB,64GB
86,Apple,iPad Mini 7.9-inch 256GB,256GB
87,Apple,iPad Pro 11-inch 128GB,128GB
88,Apple,iPad Pro 11-inch 256GB,256GB
89,Apple,iPad Pro 11-inch 512GB,512GB
90,Apple,iPad Pro 12.9-inch 128GB,128GB
91,Apple,iPad Pro 12.9-inch 256GB,256GB
92,Apple,iPad Pro 12.9-inch 512GB,512GB
93,Apple,iPad Pro 13-inch 128GB,128GB
94,Apple,iPad Pro 13-inch 256GB,256GB
95,Apple,iPad Pro 13-inch 512GB,512GB
96,Apple,iPad Pro 13-inch 1TB,1TB
97,Apple,iPad Pro 13-inch 2TB,2TB
98,Samsung,Galaxy S24 Ultra 128GB,128GB
99,Samsung,Galaxy S24 Ultra 256GB,256GB
100,Samsung,Galaxy S24+ 128GB,128GB
101,Samsung,Galaxy S24+ 256GB,256GB
102,Samsung,Galaxy S24 128GB,128GB
103,Samsung,Galaxy S24 256GB,256GB
104,Samsung,Galaxy S23 Ultra 128GB,128GB
105,Samsung,Galaxy S23 Ultra 256GB,256GB
106,Samsung,Galaxy S23+ 128GB,128GB
107,Samsung,Galaxy S23+ 256GB,256GB
108,Samsung,Galaxy S23 128GB,128GB
109,Samsung,Galaxy S23 256GB,256GB
110,Samsung,Galaxy S22 Ultra 128GB,128GB
111,Samsung,Galaxy S22 Ultra 256GB,256GB
112,Samsung,Galaxy S22+ 128GB,128GB
113,Samsung,Galaxy S22+ 256GB,256GB
114,Samsung,Galaxy S22 128GB,128GB
115,Samsung,Galaxy S22 256GB,256GB
116,Samsung,Galaxy Z Fold 5 256GB,256GB
117,Samsung,Galaxy Z Fold 5 512GB,512GB
118,Samsung,Galaxy Z Flip 5 256GB,256GB
119,Samsung,Galaxy Z Flip 5 512GB,512GB
120,Samsung,Galaxy Z Fold 4 256GB,256GB
121,Samsung,Galaxy Z Fold 4 512GB,512GB
122,Samsung,Galaxy Z Flip 4 256GB,256GB
123,Samsung,Galaxy Z Flip 4 512GB,512GB
124,Samsung,Galaxy A54 128GB,128GB
125,Samsung,Galaxy A54 256GB,256GB
126,Samsung,Galaxy A34 128GB,128GB
127,Samsung,Galaxy A34 256GB,256GB
128,Samsung,Galaxy A24 128GB,128GB
129,Samsung,Galaxy A24 256GB,256GB
130,Samsung,Galaxy A14 128GB,128GB
131,Samsung,Galaxy A14 256GB,256GB
132,Samsung,Galaxy A04 64GB,64GB
133,Samsung,Galaxy A04 128GB,128GB
134,Samsung,Galaxy M54 128GB,128GB
135,Samsung,Galaxy M54 256GB,256GB
136,Samsung,Galaxy M34 128GB,128GB
137,Samsung,Galaxy M34 256GB,256GB
138,Samsung,Galaxy M14 128GB,128GB
139,Samsung,Galaxy M14 256GB,256GB
140,Samsung,Galaxy M04 64GB,64GB
141,Samsung,Galaxy M04 128GB,128GB
142,Samsung,Galaxy F54 128GB,128GB
143,Samsung,Galaxy F54 256GB,256GB
144,Samsung,Galaxy F34 128GB,128GB
145,Samsung,Galaxy F34 256GB,256GB
146,Samsung,Galaxy F14 128GB,128GB
147,Samsung,Galaxy F14 256GB,256GB
148,Samsung,Galaxy Note 20 Ultra 128GB,128GB
149,Samsung,Galaxy Note 20 Ultra 256GB,256GB
150,Samsung,Galaxy Note 20 128GB,128GB
151,Samsung,Galaxy Note 20 256GB,256GB
152,Samsung,Galaxy Note 10+ 256GB,256GB
153,Samsung,Galaxy Note 10+ 512GB,512GB
154,Samsung,Galaxy Note 10 256GB,256GB
155,Samsung,Galaxy Note 10 128GB,128GB
156,Samsung,Galaxy Xcover 6 Pro 128GB,128GB
157,Samsung,Galaxy Xcover 5 64GB,64GB
158,Samsung,Galaxy J8 64GB,64GB
159,Samsung,Galaxy J7 Pro 64GB,64GB
160,Samsung,Galaxy J6+ 64GB,64GB
161,Samsung,Galaxy J4 16GB,16GB
162,Samsung,Galaxy C9 Pro 64GB,64GB
163,Samsung,Galaxy C7 Pro 64GB,64GB
164,Samsung,Galaxy C5 32GB,32GB
165,Samsung,Galaxy W22 5G 256GB,256GB
166,Samsung,Galaxy W21 5G 256GB,256GB
167,Samsung,Galaxy Tab S9 Ultra 256GB,256GB
168,Samsung,Galaxy Tab S9+ 256GB,256GB
169,Samsung,Galaxy Tab S9 128GB,128GB
170,Samsung,Galaxy Tab S9 FE 128GB,128GB
171,Samsung,Galaxy Tab S8 Ultra 256GB,256GB
172,Samsung,Galaxy Tab S8+ 256GB,256GB
173,Samsung,Galaxy Tab S8 128GB,128GB
174,Samsung,Galaxy Tab A9+ 128GB,128GB
175,Samsung,Galaxy Tab A9 64GB,64GB
176,Samsung,Galaxy Tab A8 64GB,64GB
177,Samsung,Galaxy Tab A7 Lite 32GB,32GB
178,Samsung,Galaxy Tab Active 5 128GB,128GB
179,Samsung,Galaxy Tab Active 4 Pro 128GB,128GB
180,Samsung,Galaxy Tab Active 3 64GB,64GB
181,Samsung,Galaxy Tab E 10.1 16GB,16GB
182,Samsung,Galaxy Tab E 8.0 16GB,16GB
183,OnePlus,OnePlus 12 256GB,256GB
184,OnePlus,OnePlus 12R 256GB,256GB
185,OnePlus,OnePlus 11 256GB,256GB
186,OnePlus,OnePlus 11R 256GB,256GB
187,OnePlus,OnePlus Nord 3 256GB,256GB
188,OnePlus,OnePlus Nord CE 3 128GB,128GB
189,OnePlus,OnePlus Nord CE 3 Lite 128GB,128GB
190,OnePlus,OnePlus Nord N30 5G 128GB,128GB
191,OnePlus,OnePlus Open 256GB,256GB
192,OnePlus,OnePlus 10 Pro 256GB,256GB
193,OnePlus,OnePlus 10T 256GB,256GB
194,OnePlus,OnePlus 9 Pro 256GB,256GB
195,OnePlus,OnePlus 9 128GB,128GB
196,OnePlus,OnePlus 11 Pro 256GB,256GB
197,OnePlus,OnePlus Nord 2T 128GB,128GB
198,OnePlus,OnePlus Nord 2 128GB,128GB
199,OnePlus,OnePlus Nord N200 64GB,64GB
200,OnePlus,OnePlus Nord N100 64GB,64GB
201,OnePlus,OnePlus 8T Cyberpunk 2077 Edition 256GB,256GB
202,OnePlus,OnePlus 9T 128GB,128GB
203,OnePlus,OnePlus 8T 256GB,256GB
204,OnePlus,OnePlus 10T 5G 256GB,256GB
205,OnePlus,OnePlus 9R 5G 128GB,128GB
206,OnePlus,OnePlus 8 Pro 256GB,256GB
207,OnePlus,OnePlus 8 128GB,128GB
208,OnePlus,OnePlus Nord CE 2 Lite 128GB,128GB
209,OnePlus,OnePlus Nord CE 2 128GB,128GB
210,OnePlus,OnePlus Nord 1 128GB,128GB
211,OnePlus,OnePlus Nord CE 5G 128GB,128GB
212,OnePlus,OnePlus Nord 2 5G 128GB,128GB
213,OnePlus,OnePlus Nord N100 5G 64GB,64GB
214,OnePlus,OnePlus Nord N10 5G 128GB,128GB
215,OnePlus,OnePlus 8R 128GB,128GB
216,OnePlus,OnePlus 7R 128GB,128GB
217,OnePlus,OnePlus 6T McLaren Edition 256GB,256GB
218,OnePlus,OnePlus 5T Star Wars Edition 128GB,128GB
219,OnePlus,OnePlus 13R 128GB,128GB
220,OnePlus,OnePlus 11T 128GB,128GB
221,OnePlus,OnePlus 10R 128GB,128GB
222,OnePlus,OnePlus 7 Pro 5G 256GB,256GB
223,OnePlus,OnePlus 6 Special Edition 128GB,128GB
224,OnePlus,OnePlus 5 Special Edition 128GB,128GB
225,OnePlus,OnePlus Nord X 128GB,128GB
226,OnePlus,OnePlus 8 Pro McLaren Edition 256GB,256GB
227,OnePlus,OnePlus 8T Cyberpunk Edition 256GB,256GB
228,OnePlus,OnePlus 7T Pro 5G McLaren Edition 256GB,256GB
229,OnePlus,OnePlus 15R 128GB,128GB
230,OnePlus,OnePlus 14+ 128GB,128GB
231,OnePlus,OnePlus 13 Pro 256GB,256GB
232,OnePlus,OnePlus 12T 5G 256GB,256GB
233,OnePlus,OnePlus Pad,128GB
234,OnePlus,OnePlus Pad 2,128GB
235,OnePlus,OnePlus Pad Pro,128GB
236,Vivo,X200 128GB,128GB
237,Vivo,X200 256GB,256GB
238,Vivo,X200 Pro 256GB,256GB
239,Vivo,X200 Pro 512GB,512GB
240,Vivo,X200 Pro Mini 256GB,256GB
241,Vivo,V40e 128GB,128GB
242,Vivo,Y200 GT 128GB,128GB
243,Vivo,T3 5G 128GB,128GB
244,Vivo,Y100 5G 128GB,128GB
245,Vivo,S18 Pro 256GB,256GB
246,Vivo,V30 Pro 128GB,128GB
247,Vivo,iQOO 12 256GB,256GB
248,Vivo,Z3 64GB,64GB
249,Vivo,V9 64GB,64GB
250,Vivo,X9 Plus 128GB,128GB
251,Vivo,Y81 32GB,32GB
252,Vivo,X5Max 16GB,16GB
253,Vivo,V5 Plus 64GB,64GB
254,Vivo,Y95 64GB,64GB
255,Vivo,V3 Max 32GB,32GB
256,Vivo,X3S 16GB,16GB
257,Vivo,Y66 32GB,32GB
258,Vivo,V19 128GB,128GB
259,Vivo,V19 256GB,256GB
260,Vivo,V17 Pro 128GB,128GB
261,Vivo,V17 Pro 256GB,256GB
262,Vivo,Y12s 64GB,64GB
263,Vivo,Y12s 128GB,128GB
264,Vivo,S1 Pro 128GB,128GB
265,Vivo,S1 Pro 256GB,256GB
266,Vivo,Y11 32GB,32GB
267,Vivo,Y11 64GB,64GB
268,Vivo,V15 128GB,128GB
269,Vivo,V15 256GB,256GB
270,Vivo,X27 Pro 128GB,128GB
271,Vivo,X27 Pro 256GB,256GB
272,Vivo,Y30 128GB,128GB
273,Vivo,Y30 64GB,64GB
274,Vivo,Z1 Pro 64GB,64GB
275,Vivo,Z1 Pro 128GB,128GB
276,Vivo,X21 128GB,128GB
277,Vivo,X21 64GB,64GB
278,Vivo,V23e 128GB,128GB
279,Vivo,V23e 256GB,256GB
280,Vivo,Y33s 128GB,128GB
281,Vivo,Y33s 64GB,64GB
282,Vivo,X60 Pro 256GB,256GB
283,Vivo,X60 Pro 512GB,512GB
284,Vivo,V20 Pro 128GB,128GB
285,Vivo,V20 Pro 256GB,256GB
286,Vivo,Y75 5G 128GB,128GB
287,Vivo,Y75 5G 256GB,256GB
288,Vivo,Y53s 128GB,128GB
289,Vivo,Y53s 64GB,64GB
290,Vivo,V15 Pro 128GB,128GB
291,Vivo,V15 Pro 256GB,256GB
292,Vivo,X70 Pro 128GB,128GB
293,Vivo,X70 Pro 256GB,256GB
294,Vivo,T1 5G 128GB,128GB
295,Vivo,T1 5G 256GB,256GB
296,Vivo,X30 Pro 128GB,128GB
297,Vivo,X30 Pro 256GB,256GB
298,Vivo,V27 128GB,128GB
299,Vivo,V27 256GB,256GB
300,Vivo,V27 Pro 128GB,128GB
301,Vivo,V27 Pro 256GB,256GB
302,Vivo,V25 Pro 128GB,128GB
303,Vivo,V25 Pro 256GB,256GB
304,Vivo,X90 Pro 256GB,256GB
305,Vivo,X90 Pro 512GB,512GB
306,Vivo,Y100 128GB,128GB
307,Vivo,Y100 256GB,256GB
308,Vivo,T2 Series 128GB,128GB
309,Vivo,T2 Series 256GB,256GB
310,Vivo,V23 5G 128GB,128GB
311,Vivo,V23 5G 256GB,256GB
312,Vivo,X80 256GB,256GB
313,Vivo,X80 512GB,512GB
314,Vivo,Y21 128GB,128GB
315,Vivo,Y21 64GB,64GB
316,Vivo,Pad 128GB,128GB
317,Vivo,Pad 2 256GB,256GB
318,Vivo,Pad Air 128GB,128GB
319,Vivo,Pad 3 128GB,128GB
320,Vivo,Pad 3 Pro 256GB,256GB
321,Vivo,Pad 4 Pro 256GB,256GB
322,iQOO,Pad 128GB,128GB
323,iQOO,Pad 2 256GB,256GB
324,iQOO,Pad 2 Pro 256GB,256GB
325,Oppo,Find N3 512GB,512GB
326,Oppo,Find N3 Flip 256GB,256GB
327,Oppo,Find X8 Pro 256GB,256GB
328,Oppo,Find X8 256GB,256GB
329,Oppo,Reno13 F 4G 256GB,256GB
330,Oppo,Reno13 F 256GB,256GB
331,Oppo,Reno13 Pro 512GB,512GB
332,Oppo,Reno13 256GB,256GB
333,Oppo,Reno12 F 4G 256GB,256GB
334,Oppo,Reno12 F 256GB,256GB
335,Oppo,Reno12 Pro 512GB,512GB
336,Oppo,Reno12 256GB,256GB
337,Oppo,Reno11 F 256GB,256GB
338,Oppo,Reno11 Pro 512GB,512GB
339,Oppo,A5 Pro 256GB,256GB
340,Oppo,A5 Pro 512GB,512GB
341,Oppo,A80 256GB,256GB
342,Oppo,A3 4G 128GB,128GB
343,Oppo,A3x 4G 128GB,128GB
344,Oppo,A3x 4G 256GB,256GB
345,Oppo,A3 128GB,128GB
346,Oppo,A3x 128GB,128GB
347,Oppo,A3x 256GB,256GB
348,Oppo,A3 128GB,128GB
349,Oppo,A60 128GB,128GB
350,Oppo,A60 256GB,256GB
351,Oppo,K12 Plus 256GB,256GB
352,Oppo,K12 Plus 512GB,512GB
353,Oppo,F27 128GB,128GB
354,Oppo,F27 256GB,256GB
355,Oppo,F27 Pro+ 256GB,256GB
356,Oppo,F27 Pro+ 512GB,512GB
357,Oppo,F25 Pro 128GB,128GB
358,Oppo,F25 Pro 256GB,256GB
359,Oppo,Pad 3 128GB,128GB
360,Oppo,Pad 3 256GB,256GB
361,Oppo,Pad 3 Pro 256GB,256GB
362,Oppo,Pad 3 Pro 512GB,512GB
363,Oppo,Pad Neo 128GB,128GB
364,Oppo,Pad Neo 256GB,256GB
365,Oppo,Find X7 Ultra 256GB,256GB
366,Oppo,Find X7 Ultra 512GB,512GB
367,Oppo,Find X7 256GB,256GB
368,Oppo,Find X7 512GB,512GB
369,Oppo,Find X6 Pro 256GB,256GB
370,Oppo,Find X6 Pro 512GB,512GB
371,Oppo,Find X6 256GB,256GB
372,Oppo,Find X6 512GB,512GB
373,Oppo,Find X5 Pro 256GB,256GB
374,Oppo,Find X5 Pro 512GB,512GB
375,Oppo,Find X5 256GB,256GB
376,Oppo,Find N2 Flip 256GB,256GB
377,Oppo,Find N2 Flip 512GB,512GB
378,Oppo,Find N2 256GB,256GB
379,Oppo,Reno10 5G 128GB,128GB
380,Oppo,Reno10 5G 256GB,256GB
381,Oppo,Reno10 Pro 5G 256GB,256GB
382,Oppo,Reno10 Pro+ 5G 256GB,256GB
383,Oppo,Reno9 5G 128GB,128GB
384,Oppo,Reno9 5G 256GB,256GB
385,Oppo,Reno9 Pro 5G 256GB,256GB
386,Oppo,Reno9 Pro+ 5G 256GB,256GB
387,Oppo,Reno8 5G 128GB,128GB
388,Oppo,Reno8 5G 256GB,256GB
389,Oppo,Reno8 Pro 5G 256GB,256GB
390,Oppo,Reno8 Pro+ 5G 256GB,256GB
391,Oppo,Reno7 5G 128GB,128GB
392,Oppo,Reno7 5G 256GB,256GB
393,Oppo,Reno7 Pro 5G 256GB,256GB
394,Oppo,Reno6 5G 128GB,128GB
395,Oppo,Reno6 5G 256GB,256GB
396,Oppo,Reno6 Pro 5G 128GB,128GB
397,Oppo,Reno6 Pro 5G 256GB,256GB
398,Oppo,Reno6 Pro+ 5G 256GB,256GB
399,Oppo,Reno5 5G 128GB,128GB
400,Oppo,Reno5 5G 256GB,256GB
401,Oppo,Reno5 Pro 5G 128GB,128GB
402,Oppo,Reno5 Pro 5G 256GB,256GB
403,Oppo,Reno5 Pro+ 5G 256GB,256GB
404,Oppo,Reno4 5G 128GB,128GB
405,Oppo,Reno4 5G 256GB,256GB
406,Oppo,Reno4 Pro 5G 256GB,256GB
407,Oppo,Reno3 5G 128GB,128GB
408,Oppo,Reno3 5G 256GB,256GB
409,Oppo,Reno3 Pro 5G 256GB,256GB
410,Oppo,A59 5G 128GB,128GB
411,Oppo,A59 5G 256GB,256GB
412,Oppo,A58 5G 256GB,256GB
413,Oppo,A57 5G 128GB,128GB
414,Oppo,A56 5G 128GB,128GB
415,Oppo,A55 5G 128GB,128GB
416,Oppo,A54 5G 128GB,128GB
417,Oppo,A53 5G 128GB,128GB
418,Oppo,A52 5G 128GB,128GB
419,Oppo,A51 5G 128GB,128GB
420,Oppo,A50 5G 128GB,128GB
421,Oppo,A49 5G 128GB,128GB
422,Oppo,A40 128GB,128GB
423,Oppo,A40 256GB,256GB
424,Oppo,K11x 128GB,128GB
425,Oppo,K11x 256GB,256GB
426,Oppo,K10x 128GB,128GB
427,Oppo,K10x 256GB,256GB
428,Oppo,K10 5G 128GB,128GB
429,Oppo,K9x 128GB,128GB
430,Oppo,K9x 256GB,256GB
431,Oppo,K9 Pro 5G 128GB,128GB
432,Oppo,K9 Pro 5G 256GB,256GB
433,Oppo,K9 5G 128GB,128GB
434,Oppo,K9 5G 256GB,256GB
435,Oppo,K7x 128GB,128GB
436,Oppo,K7 5G 128GB,128GB
437,Oppo,K7 5G 256GB,256GB
438,Oppo,K11x 128GB,128GB
439,Oppo,K11x 256GB,256GB
440,Oppo,K11 128GB,128GB
441,Oppo,K11 256GB,256GB
442,Oppo,K10x 128GB,128GB
443,Oppo,K10x 256GB,256GB
444,Oppo,K10 5G 128GB,128GB
445,Oppo,K10 5G 256GB,256GB
446,Oppo,K9x 128GB,128GB
447,Oppo,K9x 256GB,256GB
448,Oppo,K9 Pro 5G 128GB,128GB
449,Oppo,K9 Pro 5G 256GB,256GB
450,Oppo,K9 5G 128GB,128GB
451,Oppo,K9 5G 256GB,256GB
452,Oppo,K7x 128GB,128GB
453,Oppo,K7 5G 128GB,128GB
454,Realme,GT 7 Pro 128GB,128GB
455,Realme,GT 7 Pro 256GB,256GB
456,Realme,GT 6 128GB,128GB
457,Realme,GT 6 256GB,256GB
458,Realme,GT 6 512GB,512GB
459,Realme,GT 6T 128GB,128GB
460,Realme,GT 6T 256GB,256GB
461,Realme,14 Pro+ 5G 256GB,256GB
462,Realme,14 Pro+ 5G 512GB,512GB
463,Realme,14 Pro 5G 128GB,128GB
464,Realme,14 Pro 5G 256GB,256GB
465,Realme,14x 5G 128GB,128GB
466,Realme,14x 5G 256GB,256GB
467,Realme,13+ 5G 128GB,128GB
468,Realme,13+ 5G 256GB,256GB
469,Realme,13 5G 128GB,128GB
470,Realme,13 5G 256GB,256GB
471,Realme,13 Pro 5G 128GB,128GB
472,Realme,13 Pro 5G 256GB,256GB
473,Realme,13 Pro+ 5G 256GB,256GB
474,Realme,13 Pro+ 5G 512GB,512GB
475,Realme,P1 Speed 5G 128GB,128GB
476,Realme,P1 Speed 5G 256GB,256GB
477,Realme,P2 Pro 5G 256GB,256GB
478,Realme,P2 Pro 5G 512GB,512GB
479,Realme,P1 5G 128GB,128GB
480,Realme,P1 5G 256GB,256GB
481,Realme,P1 Pro 5G 128GB,128GB
482,Realme,P1 Pro 5G 256GB,256GB
483,Realme,Narzo 70 Turbo 5G 128GB,128GB
484,Realme,Narzo 70 Turbo 5G 256GB,256GB
485,Realme,Narzo N61 128GB,128GB
486,Realme,Narzo N63 128GB,128GB
487,Realme,Narzo N65 5G 128GB,128GB
488,Realme,Narzo 70 5G 128GB,128GB
489,Realme,C75 128GB,128GB
490,Realme,C75 256GB,256GB
491,Realme,C61 128GB,128GB
492,Realme,C67 128GB,128GB
493,Realme,C67 256GB,256GB
494,Realme,C65 128GB,128GB
495,Realme,C65 256GB,256GB
496,Realme,C63 128GB,128GB
497,Realme,C55 128GB,128GB
498,Realme,C55 256GB,256GB
499,Realme,Note 60x 128GB,128GB
500,Realme,Note 60 128GB,128GB
501,Realme,Note 60 256GB,256GB
502,Realme,Note 50 128GB,128GB
503,Realme,GT 7 128GB,128GB
504,Realme,GT 7 256GB,256GB
505,Realme,Neo 7 128GB,128GB
506,Realme,Neo 7 256GB,256GB
507,Realme,P2 Pro 5G 128GB,128GB
508,Realme,P2 Pro 5G 256GB,256GB
509,Realme,Pad 64GB,64GB
510,Realme,Pad 128GB,128GB
511,Realme,Pad 2 128GB,128GB
512,Realme,Pad 2 256GB,256GB
513,Realme,Pad 2 Lite 64GB,64GB
514,Realme,Pad 2 Lite 128GB,128GB
515,Realme,Pad X 64GB,64GB
516,Realme,Pad X 128GB,128GB
517,Realme,Pad Mini 32GB,32GB
518,Realme,Pad Mini 64GB,64GB
519,Realme,Pad Slim 64GB,64GB
520,Realme,Pad Slim 128GB,128GB
521,Realme,TechLife Pad Neo 64GB,64GB
522,Realme,TechLife Pad Neo 128GB,128GB
523,Xiaomi,Xiaomi 15 Pro 256GB,256GB
524,Xiaomi,Xiaomi 15 Pro 512GB,512GB
525,Xiaomi,Xiaomi 15 Pro 1TB,1TB
526,Xiaomi,Xiaomi 15 256GB,256GB
527,Xiaomi,Xiaomi 15 512GB,512GB
528,Xiaomi,Xiaomi 14T Pro 256GB,256GB
529,Xiaomi,Xiaomi 14T Pro 512GB,512GB
530,Xiaomi,Xiaomi 14T Pro 1TB,1TB
531,Xiaomi,Xiaomi 14T 256GB,256GB
532,Xiaomi,Xiaomi 14T 512GB,512GB
533,Xiaomi,Xiaomi 14 Pro 256GB,256GB
534,Xiaomi,Xiaomi 14 Pro 512GB,512GB
535,Xiaomi,Xiaomi 14 256GB,256GB
536,Xiaomi,Xiaomi 14 512GB,512GB
537,Xiaomi,Redmi Note 14 Pro+ 5G 128GB,128GB
538,Xiaomi,Redmi Note 14 Pro+ 5G 256GB,256GB
539,Xiaomi,Redmi Note 14 Pro+ 5G 512GB,512GB
540,Xiaomi,Redmi Note 14 Pro 5G 128GB,128GB
541,Xiaomi,Redmi Note 14 Pro 5G 256GB,256GB
542,Xiaomi,Redmi Note 14 Pro 4G 128GB,128GB
543,Xiaomi,Redmi Note 14 Pro 4G 256GB,256GB
544,Xiaomi,Redmi Note 14 5G 128GB,128GB
545,Xiaomi,Redmi Note 14 5G 256GB,256GB
546,Xiaomi,Redmi Note 14 4G 128GB,128GB
547,Xiaomi,Redmi Note 14 4G 256GB,256GB
548,Xiaomi,Redmi 14C 5G 64GB,64GB
549,Xiaomi,Redmi 14C 5G 128GB,128GB
550,Lenovo,Legion Y70 128GB,128GB
551,Lenovo,Legion Y70 256GB,256GB
552,Lenovo,Legion Y70 512GB,512GB
553,Lenovo,K14 Plus 64GB,64GB
554,Lenovo,K14 Plus 128GB,128GB
555,Lenovo,K13 Pro 128GB,128GB
556,Lenovo,K13 32GB,32GB
557,Lenovo,K13 Note 64GB,64GB
558,Lenovo,K10 Plus 64GB,64GB
559,Lenovo,A6 Note 32GB,32GB
560,Lenovo,K10 Note 64GB,64GB
561,Lenovo,K10 Note 128GB,128GB
562,Lenovo,Z6 Pro 128GB,128GB
563,Lenovo,Z6 Pro 256GB,256GB
564,Lenovo,Z5 Pro 64GB,64GB
565,Motorola,Edge 50 Fusion 128GB,128GB
566,Motorola,Edge 50 Fusion 256GB,256GB
567,Motorola,Edge 50 Pro 128GB,128GB
568,Motorola,Edge 50 Pro 256GB,256GB
569,Motorola,Razr 128GB,128GB
570,Motorola,Razr 256GB,256GB
571,Motorola,G84 5G 128GB,128GB
572,Motorola,G84 5G 256GB,256GB
573,Motorola,Moto G Stylus 64GB,64GB
574,Motorola,Moto G Stylus 128GB,128GB
575,Motorola,One Vision 3 128GB,128GB
576,Motorola,One Vision 3 256GB,256GB
577,Motorola,Edge 50 Lite 128GB,128GB
578,Motorola,Edge 50 Lite 256GB,256GB
579,Motorola,Moto E40 Plus 64GB,64GB
580,Motorola,Moto E40 Plus 128GB,128GB
581,Motorola,Moto G Power 64GB,64GB
582,Motorola,Moto G Power 128GB,128GB
583,Motorola,Moto G Play 32GB,32GB
584,Motorola,Moto G Play 64GB,64GB
585,Motorola,Moto G75 5G 128GB,128GB
586,Motorola,Moto G75 5G 256GB,256GB
587,Motorola,Moto S50 128GB,128GB
588,Motorola,Moto S50 256GB,256GB
589,Motorola,Edge 50 Neo 256GB,256GB
590,Motorola,Edge 50 Neo 512GB,512GB
591,Motorola,Moto G55 128GB,128GB
592,Motorola,Moto G55 256GB,256GB
593,Motorola,Moto G35 128GB,128GB
594,Motorola,Moto G35 256GB,256GB
595,Motorola,Moto G45 128GB,128GB
596,Motorola,Moto G45 256GB,256GB
597,Motorola,Edge 50 256GB,256GB
598,Motorola,Edge 50 512GB,512GB
599,Motorola,Razr 50 Ultra 512GB,512GB
600,Motorola,Razr 50 256GB,256GB
601,Motorola,Moto G85 128GB,128GB
602,Motorola,Moto G85 256GB,256GB
603,Motorola,S50 Neo 256GB,256GB
604,Motorola,S50 Neo 512GB,512GB
605,Motorola,Moto E14 64GB,64GB
606,Motorola,Moto E14 128GB,128GB
607,Motorola,Edge 256GB,256GB
608,Motorola,Edge 512GB,512GB
609,Motorola,Moto X50 Ultra 512GB,512GB
610,Motorola,Moto G Stylus 5G 256GB,256GB
611,Motorola,Moto G Stylus 5G 512GB,512GB
612,Motorola,Edge 50 Ultra 512GB,512GB
613,Motorola,Edge 30 Fusion 128GB,128GB
614,Motorola,Edge 30 Fusion 256GB,256GB
615,Motorola,Edge 30 Neo 128GB,128GB
616,Motorola,Edge 30 Neo 256GB,256GB
617,Motorola,Moto G82 5G 128GB,128GB
618,Motorola,Moto G82 5G 256GB,256GB
619,Motorola,Moto G62 5G 128GB,128GB
620,Motorola,Moto G62 5G 256GB,256GB
621,Motorola,Moto G42 128GB,128GB
622,Motorola,Moto G32 128GB,128GB
623,Motorola,Moto E32s 64GB,64GB
624,Motorola,Moto E22i 32GB,32GB
625,Motorola,Moto E22 64GB,64GB
626,Motorola,Moto G22 64GB,64GB
627,Huawei,P50,128GB
628,Huawei,P50 Pro,128GB
629,Huawei,P50 Pocket,128GB
630,Huawei,Mate 40E,128GB
631,Huawei,Mate X2,128GB
632,Huawei,Nova 9,128GB
633,Huawei,Nova 9 Pro,128GB
634,Huawei,P50E,128GB
635,Huawei,Mate Xs 2,128GB
636,Huawei,Mate 50,128GB
637,Huawei,Mate 50 Pro,128GB
638,Huawei,Nova 10,128GB
639,Huawei,Nova 10 Pro,128GB
640,Huawei,Nova 10 SE,128GB
641,Huawei,P60,128GB
642,Huawei,P60 Pro,128GB
643,Huawei,P60 Art,128GB
644,Huawei,Mate X3,128GB
645,Huawei,Mate 60,128GB
646,Huawei,Mate 60 Pro,128GB
647,Huawei,Mate 60 Pro+,128GB
648,Huawei,Nova 11,128GB
649,Huawei,Nova 11 Pro,128GB
650,Huawei,Nova 11 Ultra,128GB
651,Huawei,Pura 70,128GB
652,Huawei,Pura 70 Pro,128GB
653,Huawei,Pura 70 Pro+,128GB
654,Huawei,Pura 70 Ultra,128GB
655,Huawei,Mate 70,128GB
656,Huawei,Mate 70 Pro,128GB
657,Huawei,Mate 70 Pro+,128GB
658,Huawei,Mate X6,128GB
659,Huawei,Nova 12,128GB
660,Huawei,Nova 12 Pro,128GB
661,Huawei,Mate XT 256GB,256GB
662,Huawei,Mate XT 512GB,512GB
663,Huawei,Nova 13 256GB,256GB
664,Huawei,Nova 13 512GB,512GB
665,Huawei,Nova 13 Pro 256GB,256GB
666,Huawei,Nova 13 Pro 512GB,512GB
667,Nokia,G42 5G 128GB,128GB
668,Nokia,G20 64GB,64GB
669,Nokia,G20 128GB,128GB
670,Nokia,C32 64GB,64GB
671,Nokia,C32 128GB,128GB
672,Nokia,G21 64GB,64GB
673,Nokia,G21 128GB,128GB
674,Nokia,C22 64GB,64GB
675,Nokia,C22 128GB,128GB
676,Nokia,G400 128GB,128GB
677,Sony,Xperia 1 IV 256GB,256GB
678,Sony,Xperia 5 IV 128GB,128GB
679,Sony,Xperia 10 IV 128GB,128GB
680,Sony,Xperia 1 V 256GB,256GB
681,Sony,Xperia 5 V 128GB,128GB
682,Sony,Xperia 10 V 128GB,128GB
683,Sony,Xperia 1 VI 256GB,256GB
684,Sony,Xperia 5 VI 128GB,128GB
685,Sony,Xperia 10 VI 128GB,128GB
686,Nokia,T21,128GB
687,Huawei,MatePad Pro 12.2 512GB,512GB
688,Huawei,MatePad Pro 13.2 512GB,512GB
689,Google,Pixel 3a 64GB,64GB
690,Google,Pixel 3a XL 64GB,64GB
691,Google,Pixel 4 64GB,64GB
692,Google,Pixel 4 XL 64GB,64GB
693,Google,Pixel 4a 128GB,128GB
694,Google,Pixel 4a 5G 128GB,128GB
695,Google,Pixel 5 128GB,128GB
696,Google,Pixel 5a 128GB,128GB
697,Google,Pixel 6 128GB,128GB
698,Google,Pixel 6 Pro 256GB,256GB
699,Google,Pixel 6a 128GB,128GB
700,Google,Pixel 7 128GB,128GB
701,Google,Pixel 7 Pro 256GB,256GB
702,Google,Pixel 7a 128GB,128GB
703,Google,Pixel 8 128GB,128GB
704,Google,Pixel 8 Pro 256GB,256GB
705,Google,Pixel 8a 128GB,128GB
706,Google,Pixel 9 128GB,128GB
707,Google,Pixel 9 Pro 256GB,256GB
708,Google,Pixel 9 Pro XL 512GB,512GB
709,Google,Pixel 9 Pro Fold 512GB,512GB
710,Tecno,Spark Go 1S 64GB,64GB
711,Tecno,Megapad 11 256GB,256GB
712,Tecno,Pop 9 4G 64GB,64GB
713,Tecno,Megapad 128GB,128GB
714,Tecno,Camon 30S 256GB,256GB
715,Tecno,Spark 30C 5G 128GB,128GB
716,Tecno,Spark 30 5G 128GB,128GB
717,Tecno,Pop 9 64GB,64GB
718,Tecno,Spark 30 Pro 256GB,256GB
719,Tecno,Spark 30 128GB,128GB
720,Tecno,Phantom V Fold2 512GB,512GB
721,Tecno,Phantom V Flip2 256GB,256GB
722,Tecno,Pova 6 Neo 5G 256GB,256GB
723,Tecno,Spark 30C 128GB,128GB
724,Tecno,Spark Go 1 64GB,64GB
725,Tecno,Camon 30S Pro 512GB,512GB
726,Tecno,Spark 20P 128GB,128GB
727,Tecno,Spark 20 Pro 5G 256GB,256GB
728,Tecno,Pova 6 Neo 256GB,256GB
729,Tecno,Camon 30 Premier 512GB,512GB
730,Tecno,Camon 30 Pro 512GB,512GB
731,Tecno,Camon 30 5G 256GB,256GB
732,Tecno,Camon 30 128GB,128GB
733,Tecno,Pova 6 Pro 512GB,512GB
734,Tecno,Spark 20 Pro+ 256GB,256GB
735,Tecno,Spark 20 Pro 128GB,128GB
736,Tecno,Spark 20 128GB,128GB
737,Tecno,Spark 20C 128GB,128GB
738,Tecno,Spark Go 2024 64GB,64GB
739,Tecno,Pop 8 64GB,64GB
740,Tecno,Camon 20s Pro 5G 512GB,512GB
741,Tecno,Camon 20s Pro 256GB,256GB
742,Tecno,Camon 20s 256GB,256GB
743,Tecno,Camon 20 Premier 512GB,512GB
744,Tecno,Camon 20 Pro 5G 256GB,256GB
745,Tecno,Camon 20 Pro 128GB,128GB
746,Tecno,Camon 20 128GB,128GB
747,Tecno,Pova 5G 512GB,512GB
748,Tecno,Pova 5 256GB,256GB
749,Infinix,Xpad,128GB
750,Infinix,Xpad 5G,128GB
751,Infinix,Xpad Lite,128GB
752,Infinix,Xpad Pro,128GB
753,Infinix,Hot 50,128GB
754,Infinix,Hot 50i,128GB
755,Infinix,Hot 50 5G,128GB
756,Infinix,Hot 50 Pro,128GB
757,Infinix,Hot 50 Pro+,128GB
758,Infinix,GT 20 Pro,128GB
759,Infinix,Note 40X 5G,128GB
760,Infinix,Note 40S,128GB
761,Infinix,Note 40 5G,128GB
762,Infinix,Note 40 Pro 5G,128GB
763,Infinix,Note 40 Racing Edition,128GB
764,Infinix,Hot 40,128GB
765,Infinix,Hot 40i,128GB
766,Infinix,Hot 40 Pro,128GB
767,Infinix,Zero 40,128GB
768,Infinix,Zero 40 5G,128GB
769,Infinix,Zero Flip,128GB
770,Infinix,Note 40,128GB
771,Infinix,Note 40 Pro,128GB
772,Infinix,Hot 30 128GB,128GB
773,Infinix,Hot 30i 128GB,128GB
774,Infinix,Hot 30i NFC 128GB,128GB
775,Infinix,Hot 30 Play 128GB,128GB
776,Infinix,Hot 30 5G 128GB,128GB
777,Infinix,Zero 30 256GB,256GB
778,Infinix,Zero 30 5G 256GB,256GB
779,Infinix,GT 10 Pro 256GB,256GB
780,Infinix,Hot 12 128GB,128GB
781,Infinix,Hot 12 Play 128GB,128GB
782,Infinix,Hot 12 Pro 128GB,128GB
783,Infinix,Hot 12i 64GB,64GB
784,Infinix,Hot 20 128GB,128GB
785,Infinix,Hot 20 Play 128GB,128GB
786,Infinix,Hot 20s 128GB,128GB
787,Infinix,Hot 20 5G 128GB,128GB
788,Infinix,Hot 20i 64GB,64GB
789,Infinix,Hot 10T 128GB,128GB
790,Infinix,Hot 10S 128GB,128GB
791,Infinix,Hot 10S NFC 128GB,128GB
792,Infinix,Hot 10 Lite 64GB,64GB
793,Infinix,Hot 10 Play 64GB,64GB
794,Infinix,Hot 11 128GB,128GB
795,Infinix,Hot 11 Play 128GB,128GB
796,Infinix,Hot 11s 128GB,128GB
797,Infinix,Smart HD 32GB,32GB
798,Infinix,Note 8i 128GB,128GB
799,Infinix,Hot 10 Lite 64GB,64GB
800,Infinix,Note 8 128GB,128GB
801,Infinix,Zero 8i 128GB,128GB
802,Infinix,Hot 10 128GB,128GB
803,Infinix,Zero 8 128GB,128GB
804,Infinix,Smart 5 64GB,64GB
805,Honor,9X Lite,128GB
806,Honor,30,128GB
807,Honor,30 Pro,128GB
808,Honor,30 Pro+,128GB
809,Honor,30S,128GB
810,Honor,X10,128GB
811,Honor,X10 Max,128GB
812,Honor,Play 4,128GB
813,Honor,Play 4 Pro,128GB
814,Honor,10X Lite,128GB
815,Honor,V40,128GB
816,Honor,50,128GB
817,Honor,50 Pro,128GB
818,Honor,50 SE,128GB
819,Honor,X20,128GB
820,Honor,X20 SE,128GB
821,Honor,Play 5,128GB
822,Honor,Play 5T,128GB
823,Honor,Magic3,128GB
824,Honor,Magic3 Pro,128GB
825,Honor,Magic3 Pro+,128GB
826,Honor,60,128GB
827,Honor,60 Pro,128GB
828,Honor,60 SE,128GB
829,Honor,X30,128GB
830,Honor,X30i,128GB
831,Honor,X30 Max,128GB
832,Honor,Play 6,128GB
833,Honor,Play 6T,128GB
834,Honor,Magic4,128GB
835,Honor,Magic4 Pro,128GB
836,Honor,Magic4 Ultimate,128GB
837,Honor,Magic V,128GB
838,Honor,70,128GB
839,Honor,70 Pro,128GB
840,Honor,70 Pro+,128GB
841,Honor,X40,128GB
842,Honor,X40i,128GB
843,Honor,Play 7,128GB
844,Honor,Play 7T,128GB
845,Honor,Magic5,128GB
846,Honor,Magic5 Pro,128GB
847,Honor,Magic5 Ultimate,128GB
848,Honor,Magic Vs,128GB
849,Honor,80,128GB
850,Honor,80 Pro,128GB
851,Honor,80 SE,128GB
852,Honor,X50,128GB
853,Honor,X50i,128GB
854,Honor,Play 8,128GB
855,Honor,Play 8T,128GB
856,Honor,Magic6,128GB
857,Honor,Magic6 Pro,128GB
858,Honor,Magic6 Ultimate,128GB
859,Honor,Magic V2,128GB
860,Honor,90,128GB
861,Honor,90 Pro,128GB
862,Honor,90 SE,128GB
863,Honor,X60,128GB
864,Honor,X60i,128GB
865,Honor,Play 9,128GB
866,Honor,Play 9T,128GB
867,Honor,Magic7,128GB
868,Honor,Magic7 Pro,128GB
869,Honor,Magic7 Ultimate,128GB
870,Honor,Magic V3,128GB
871,Honor,Pad 6,128GB
872,Honor,Pad X6,128GB
873,Honor,Pad 7,128GB
874,Honor,Tablet V7,128GB
875,Honor,Tablet V7 Pro,128GB
876,Honor,Pad 8,128GB
877,Honor,Pad X8,128GB
878,Honor,Pad X8 Lite,128GB
879,Honor,Pad V8,128GB
880,Honor,Pad V8 Pro,128GB
881,Honor,Pad 9,128GB
882,Honor,Pad 9 Pro,128GB
883,Honor,Pad X9,128GB
884,Honor,Pad X8 Pro,128GB
885,Honor,MagicPad 13,128GB
886,Honor,MagicPad 2,128GB
887,Honor,Pad X8a,128GB
888,Honor,Pad X8a Kids Edition,128GB
889,Honor,Pad X9 Pro,128GB
890,Honor,Pad V9,128GB
891,Honor,Pad GT Pro,128GB
892,Honor,Pad X10,128GB
893,Honor,Pad X10 Pro,128GB
894,Honor,MagicPad 3,128GB
895,Honor,Pad V10,128GB
896,POCO,F2 Pro 128GB,128GB
897,POCO,M2 Pro 64GB,64GB
898,POCO,X3 NFC 128GB,128GB
899,POCO,M3 64GB,64GB
900,POCO,F3 128GB,128GB
901,POCO,X3 Pro 128GB,128GB
902,POCO,M3 Pro 5G 64GB,64GB
903,POCO,F3 GT 128GB,128GB
904,POCO,X3 GT 128GB,128GB
905,POCO,M4 Pro 5G 128GB,128GB
906,POCO,F4 128GB,128GB
907,POCO,F4 GT 128GB,128GB
908,POCO,X4 Pro 5G 128GB,128GB
909,POCO,M4 Pro 128GB,128GB
910,POCO,M5 128GB,128GB
911,POCO,M5s 128GB,128GB
912,POCO,F5 128GB,128GB
913,POCO,F5 Pro 256GB,256GB
914,POCO,X5 128GB,128GB
915,POCO,X5 Pro 128GB,128GB
916,POCO,M6 64GB,64GB
917,POCO,M6 Pro 128GB,128GB
918,POCO,X6 128GB,128GB
919,POCO,X6 Pro 256GB,256GB
920,POCO,F6 128GB,128GB
921,POCO,F6 Pro 256GB,256GB
922,POCO,C65 64GB,64GB
923,POCO,X7 128GB,128GB
924,POCO,X7 Pro 256GB,256GB
925,POCO,M7 5G 128GB,128GB
926,Poco,Pad 5G 128GB,128GB
927,Poco,Pad 5G 256GB,256GB
928,Samsung,Galaxy Z Fold6 256GB,256GB
929,Samsung,Galaxy Z Fold6 512GB,512GB
930,Samsung,Galaxy Z Fold6 1TB,1TB
